{
  "version": 1,
  "author": "Queiroz JR",
  "editor": "wokwi",
  "parts": [
    { "type": "wokwi-arduino-uno", "id": "uno", "top": 10.2, "left": -0.6, "attrs": {} },
    {
      "type": "wokwi-led",
      "id": "led1",
      "top": -61.2,
      "left": 109.4,
      "attrs": { "color": "red" }
    },
    {
      "type": "wokwi-led",
      "id": "led2",
      "top": -61.2,
      "left": 147.8,
      "attrs": { "color": "yellow" }
    },
    {
      "type": "wokwi-led",
      "id": "led3",
      "top": -61.2,
      "left": 186.2,
      "attrs": { "color": "limegreen" }
    }
  ],
  "connections": [
    [ "led1:A", "uno:12", "green", [ "v9.6", "h38.4", "v9.6", "h-28.7" ] ],
    [ "led1:C", "uno:GND.1", "green", [ "h-9.2", "v28.2" ] ],
    [ "led2:C", "uno:GND.1", "green", [ "h-47.6", "v38.4" ] ],
    [ "led2:A", "uno:11", "green", [ "v9.6", "h-29.4" ] ],
    [ "led3:C", "uno:GND.1", "green", [ "h-86", "v38.4" ] ],
    [ "led3:A", "uno:10", "green", [ "h19.2", "v19.2", "h-77.5" ] ]
  ],
  "dependencies": {}
}